deg,mos_pred,noi_pred,dis_pred,col_pred,loud_pred,model
mixed_5dB.wav,1.4658701,1.2806704,4.336345,3.1530445,2.823355,NISQAv2
mixed_-5dB.wav,0.62710625,1.3598801,2.7404134,1.2215953,1.4246714,NISQAv2
mixed_0dB.wav,0.8638721,1.3350178,3.543309,2.0610635,1.8967838,NISQAv2
mixed_10dB.wav,2.2256916,1.3430564,4.4287014,3.637326,3.289922,NISQAv2
