,file,SDR,SI-SDR,mos_pred,noi_pred,dis_pred,col_pred,loud_pred,P808_MOS,SDR_deepfilter,SI-SDR_deepfilter,mos_pred_deepfilter,noi_pred_deepfilter,dis_pred_deepfilter,col_pred_deepfilter,loud_pred_deepfilter,P808_MOS_deepfilter
0,mixed_5dB.wav,2.9756197929382324,2.9699082374572754,1.4658701,1.2806704,4.336345,3.1530445,2.823355,2.4932897,11.31989574432373,11.096473693847656,4.249021,4.0647273,4.4101715,4.217672,4.344702,3.8243823
1,mixed_-5dB.wav,-7.030280113220215,-7.05328893661499,0.62710625,1.3598801,2.7404134,1.2215953,1.4246714,2.2906284,2.1352415084838867,1.1375336647033691,2.8271754,2.7807465,3.5589013,3.2082727,3.495159,3.3607442
2,mixed_0dB.wav,-2.0285773277282715,-2.038438081741333,0.8638721,1.3350178,3.543309,2.0610635,1.8967838,2.4326723,7.25056791305542,6.8190460205078125,3.5830634,3.1076086,4.2193975,3.9497182,4.022005,3.402583
3,mixed_10dB.wav,7.978998184204102,7.974597930908203,2.2256916,1.3430564,4.4287014,3.637326,3.289922,2.8632405,14.971176147460938,14.806463241577148,4.4993486,4.2330546,4.5340347,4.262223,4.432996,3.9902134
